{"cameraMode":{"drawMode":0,"name":"Shaded","section":"Shading Mode"},"sceneLighting":false,"audioPlay":false,"sceneViewState":{"m_AlwaysRefresh":false,"showFog":true,"showSkybox":false,"showFlares":true,"showImageEffects":true,"showParticleSystems":true,"showVisualEffectGraphs":true,"m_FxEnabled":true},"in2DMode":false,"pivot":{"x":-3.473360300064087,"y":-4.458718299865723,"z":3.0309267044067385},"rotation":{"x":0.5092520117759705,"y":-0.006639618892222643,"z":0.003982203081250191,"w":0.8606283664703369},"size":8.420501708984375,"orthographic":false}