{"cameraMode":{"drawMode":0,"name":"Shaded","section":"Shading Mode"},"sceneLighting":false,"audioPlay":false,"sceneViewState":{"m_AlwaysRefresh":false,"showFog":true,"showSkybox":false,"showFlares":true,"showImageEffects":true,"showParticleSystems":true,"showVisualEffectGraphs":true,"m_FxEnabled":true},"in2DMode":false,"pivot":{"x":-2.1707985401153566,"y":-0.07687950134277344,"z":-3.3846843242645265},"rotation":{"x":-0.33674579858779909,"y":-0.04208074137568474,"z":0.015095110982656479,"w":-0.940560519695282},"size":2.371668815612793,"orthographic":false}